Campaign,Persona Tier,First Name,Last Name,Title,LinkedIn URL,Company Domain,Location,Source,Notes
Deal Desk,Hiring Manager,,,,,clay.com,New York,Clay Find People,
Deal Desk,Team Member,,,,,clay.com,New York,Clay Find People,
Deal Desk,Recruiter,,,,,clay.com,New York,Clay Find People,
GTME & AI Teacher,Hiring Manager,,,,,clay.com,New York,Clay Find People,
GTME & AI Teacher,Team Member,,,,,clay.com,New York,Clay Find People,
GTME & AI Teacher,Recruiter,,,,,clay.com,New York,Clay Find People,
Growth Strategy Enablement,Hiring Manager,,,,,clay.com,New York,Clay Find People,
Growth Strategy Enablement,Team Member,,,,,clay.com,New York,Clay Find People,
Growth Strategy Enablement,Recruiter,,,,,clay.com,New York,Clay Find People,
